{"TotalTime":375,"Sitting_Time":355,"Focused_Time":283.37999999999994,"Non_Focused_Time":91.62,"Phone_Time":78.28,"Keys":13106,"Scroll":282.88000000000017,"Mouse":554.8500000000007}